Concepto,respuesta,Code
air,high,height
air,clear,transparency
air,big,size
air,light,weightless
air,blue,blue
air,sky,sky
air,invisible,transparency
air,,ubiquity
air,ability help sustain life,vital
air,necessary,essential
air,benifical,positive
air,smell nice,pleasant
air,air move constantly,movement
air,air necessary survival specie earth,vital
air,air ubiquitous,ubiquity
air,air disperse pollen,pollination
air,air current weather,weather
air,air movement gentle violent,movement
air,fresh,clean
air,person go outside fresh air,clean
air,person take deep breath fill lung natural air,vital
air,vital,vital
air,quality,quality
air,healthy,clean
air,oxygen,oxygen
air,require animal live,vital
air,necessity,essential
air,potentially dangerous,hazard
air,wind,wind
air,visible human eye,transparency
air,vulnerable human pollution,pollution
air,provide oxygen,oxygen
air,ruin wildfire smoke,pollution
air,support bird migration,migration
air,insect domain,insects
air,subject weather,weather
air,gasp,breathing
air,free,accessibility
air,fresh,clean
air,open,accessibility
air,accessible,accessibility
air,clear,clean
air,air quality change,air quality
air,plant animal human rely air,animals
air,air provide oxygen,oxygen
air,air carry water vapor play precipitation,weather
air,air create wind,wind
air,air carry pollen,pollination
air,nitogen,nitrogen
air,gas,gas
air,breath,oxygen
air,14psi sea level,pressure
air,need life,vital
air,hold earth ozone layer gravity,ozone
air,oxygen,oxygen
air,nitrogen,nitrogen
air,carbon dioxide,carbon dioxide
air,wind,wind
air,flight,flight
air,ozone,ozone
air,breathe,breathing
air,tree,plant
air,oxygen,oxygen
air,necessary life,vital
air,necessary photosynthesis,vital
air,wind,wind
air,wind pattern,wind
air,photosynthesis,photosynthesis
air,air quality,air quality
air,climate regulation,climate
air,airborne seed pollination,pollination
air,provide life,vital
air,live,vital
air,allow thin freely,movement
air,oxgen,oxygen
air,carbohydret,carbon
air,provide plant produce food,photosynthesis
air,excertion place,breathing
air,influence weather climate,weather
air,air pressure,pressure
air,pollution,pollution
air,water vapor,water vapor
air,thermal insulation,thermal insulation
air,photosynthesis,photosynthesis
air,breatheable,clean
air,movement,movement
air,temperature,temperature
air,pressure,pressure
air,transparency,transparency
air,pressure,pressure
air,polluted,pollution
air,necessary breathe,vital
air,require photosynthesis,photosynthesis
air,provide oxygen,oxygen
air,belong,accessibility
air,free toxin,toxins
air,clean,clean
air,pure,clean
air,fresh,clean
air,light,weightless
air,stagnant,flow
air,flow,flow
air,clean,clean
air,insect,insects
air,windy,wind
air,thin certain altitude,thickness
air,thick humid area,thickness
air,endanger fossil fule,pollution
air,clean dirty,clean
air,hot cold depend season,temperature variation
air,oxygen,oxygen
air,create wind,wind
air,pollute,pollution
air,air humid dry,humidity
air,mixture gas air mixture gas primarily nitrogen 78 oxygen 21 trace amount gas like argon carbon dioxide water vapor,gas
air,essential respiration air provide oxygen essential respiration living organism include human animal microorganism,vital
air,weather climate air play crucial role weather climate pattern distribute heat moisture planet influence wind precipitation temperature,weather
air,atmospheric layer air form earth atmosphere divide layer troposphere stratosphere mesosphere thermosphere distinct property function,layers
air,pressure variation air pressure vary altitude weather condition affect breathe high altitude weather system,pressure
air,wind formation movement air wind create difference air pressure cause uneven heating earth surface sun,wind
air,nitrogen,nitrogen
air,oxygen,oxygen
air,argon,argon
air,carbon,carbon
air,neon,neon
air,helium,helium
air,wind,wind
air,weather,weather
air,pollution,pollution
air,oxygen,oxygen
air,temperature,temperature
air,pressure,pressure
animal,survivor,survival
animal,live group,social
animal,acquire food take time,feeding
animal,aware surrounding,awareness
animal,try blend surrounding,camouflage
animal,protect offspring,parental care
animal,living,life
animal,organism,life
animal,living organism,life
animal,alive,life
animal,resident earth,life
animal,organism bear die,life
animal,extremely diverse,diversity
animal,find habitat,ubiquity
animal,separate human,non-human
animal,food chain hierarchy,food chain
animal,free,freedom
animal,dangerous,dangerous
animal,bird,bird
animal,pet,pets
animal,cage,caged
animal,dangerous animal,dangerous
animal,train,trained
animal,different specie,diversity
animal,integrate nature,nature integration
animal,predator prey,food chain
animal,balance,balance
animal,endanger,endangered
animal,loss natural habitat,habitat loss
animal,integrate nature,nature integration
animal,beautiful,beauty
animal,intriguing,intriguing
animal,brutal,brutal
animal,habitat need preserve,conservation
animal,help ecosystem,ecological role
animal,transfer energy,energy transfer
animal,animal live nature,nature
animal,animal good leave nature,nature
animal,animal help ecosystem,ecological role
animal,animal fascinating watch nature,intriguing
animal,animal nature surprise,instinct
animal,people destroy animal population destroy nature,habitat loss
animal,complanion,companionship
animal,dangerous,dangerous
animal,love,loving
animal,loyalty,loyalty
animal,protector,protector
animal,come size color,diversity
animal,different type,diversity
animal,wild domesticate,wild
animal,vary size,size diversity
animal,colorful,colorful
animal,fur hair,fur
animal,pet,pets
animal,different specie,diversity
animal,require different habitat,habitat
animal,different behavior,behavior
animal,pretty good adapt,adaptability
animal,food chain,food chain
animal,way communicate,communication
animal,multicelle creature,multicellular
animal,brance tree life,life
animal,food,food chain
animal,control plant growth,ecological role
animal,breathe 02,respiration
animal,evolve tree life,life
animal,pet,pets
animal,walk leg,quadruped
animal,mammal,mammal
animal,leave pack,social
animal,coexist,coexistence
animal,specie habitat,habitat
animal,beautiful,beauty
animal,innocent,innocent
animal,large variety different kind,diversity
animal,cute,cute
animal,fascinating,intriguing
animal,appreciate respecte,respect
animal,live being,life
animal,herbivore omnivore carnivor,diet
animal,reproduce,reproduction
animal,live nature,nature
animal,earth,life
animal,earth food chain,food chain
animal,bear,bear
animal,bird,bird
animal,elephant,elephant
animal,zebra,zebra
animal,lion,lion
animal,monkey,monkey
animal,small,size
animal,big,size
animal,predator,predator
animal,prey,prey
animal,food chain,food chain
animal,control,control
animal,playful,playful
animal,loyal,loyalty
animal,predatory,predator
animal,drive instinct,instinct
animal,nurture offspring,parental care
animal,predatory,predator
animal,movement,movement
animal,reproduction,reproduction
animal,sensory organ,sensory
animal,respiratory,respiration
animal,circulatory system,circulatory
animal,developmental stage,development
animal,compose cell,multicellular
animal,independently,movement
animal,feed plant animal,feeding
animal,reproduce method,reproduction
animal,possess system coordinate action response,nervous system
animal,need oxygen respiration aquatic animal use different method,respiration
animal,untame,wild
animal,instinctive,instinct
animal,capable complex emotion behavior,complex behavior
animal,threaten endangeere,endangered
animal,fascinating observe wild,intriguing
animal,wild,wild
animal,find nature,nature
animal,animal good,good
animal,animal contribute nature,nature
animal,animal value ecosystem,ecological role
animal,animal care,care
animal,care nature,conservation
animal,animal destructive,destructive
animal,animal interdependent,interdependence
animal,animal stick instinct,instinct
animal,animal stick behaviour,instinct
animal,animal reproduce,reproduction
animal,animal migrate,migration
animal,wild,wild
animal,free,freedom
animal,beautiful,beauty
animal,life,life
animal,coexist,coexistence
animal,great,greatness
beauty,sense connection unity element large interconnect system,connection
beauty,sunset,nature
beauty,bloom flower,flowers
beauty,structure snowflake,complexity
beauty,harmony proportion,positive emotion
beauty,wide range color shape pattern,diversity
beauty,abundant,ubiquity
beauty,unbiquitous,ubiquity
beauty,colorful,colorful
beauty,natural,nature
beauty,,ubiquity
beauty,fragile,fragility
beauty,pretty,beauty
beauty,nice,pleasant
beauty,pleasant,pleasant
beauty,cool,pleasant
beauty,rosey,colorful
beauty,great,beauty
beauty,aesthetically pleasing,pleasing
beauty,pleasant look,pleasant
beauty,state pleasant,pleasant
beauty,condition sublime,sublime
beauty,natural world pleasant human,nature
beauty,majestic nice look,majestic
beauty,eye beholder,subjective
beauty,wanna stop look,captivating
beauty,photogenic,photogenic
beauty,like,unique
beauty,stunning,stunning
beauty,majestic,majestic
beauty,symmetry nature see beautiful,symmetry
beauty,mountain majestic beautiful,majestic
beauty,sky beautiful,beauty
beauty,beauty,ubiquity
beauty,beauty tree river,beauty
beauty,find nature,nature
beauty,natural,nature
beauty,colorful,colorful
beauty,flower,flowers
beauty,tree,trees
beauty,ocean,nature
beauty,animal,animals
beauty,flower,flowers
beauty,tree,trees
beauty,mountain,landscape
beauty,river,landscape
beauty,waterfall,landscape
beauty,animal,animals
beauty,,ubiquity
beauty,subjective,subjective
beauty,sunrise,nature
beauty,communalistic relationship animal,connection
beauty,forest rain,serenity
beauty,snow mountain,landscape
beauty,normally harmony,positive emotion
beauty,diversity,diversity
beauty,seasonally change,transience
beauty,degree complexity,complexity
beauty,vibrancy,vibrancy
beauty,serenity quality,serenity
beauty,inspire wonder awe,inspiration
beauty,find diverse landscape formation,diversity
beauty,evoke emotion serenity,serenity
beauty,associate vibrant color pattern,colorful
beauty,fragile ephemeral e.g. sunset bloom,fragility
beauty,fragile ephemeral e.g. sunset bloom,fragility
beauty,symmetry,symmetry
beauty,serenity,serenity
beauty,warmth,warmth
beauty,brightness,brightness
beauty,love,love
beauty,personality,personality
beauty,beauty itslef,beauty
beauty,free,freedom
beauty,elegant,elegance
beauty,powerful,power
beauty,self love,self-esteem
beauty,self esteem,self-esteem
beauty,diversity variety,diversity
beauty,impermanence transcience,transience
beauty,universal appeal,universal
beauty,emotional resonance,positive emotion
beauty,dynamic change,transience
beauty,inspiration creativity,inspiration
beauty,tree,trees
beauty,animal,animals
beauty,mountain,landscape
beauty,water,water
beauty,stunning,stunning
beauty,unreal,unique
beauty,pure,purity
beauty,elegant,elegance
beauty,subtle,subtle
beauty,warm,warmth
beauty,captivate,captivating
beauty,enchant,positive emotion
beauty,aesthetic,aestheric
beauty,diversity,diversity
beauty,harmony,positive emotion
beauty,connection,connection
beauty,color,color
beauty,diversity,diversity
beauty,include landscape flora fauna,nature
beauty,feature range color bright subtle,colorful
beauty,display intricate pattern structure,complexity
beauty,change season time day,transience
beauty,inspire awe peace wonder,inspiration
beauty,offer calm soothe effect,serenity
beauty,change time,transience
beauty,positive personality,personality
beauty,psychological impact,positive emotion
beauty,recognition,positive emotion
beauty,emotional connection,positive emotion
beauty,aesthetic appreciation,aestheric
beauty,natural environment,nature
beauty,help tranquility,serenity
beauty,place season occur beauty find way,seasonal change
beauty,clean environment typically beautiful nature landscape,landscape
beauty,bright color,colorful
beauty,valuable think tourism,value
beauty,naturally,nature
beauty,autumn color breeze,seasonal change
beauty,warm sunlight skin,warmth
beauty,wild flower plant bloom,flowers
beauty,wind move leave,nature
beauty,calm water early morning,serenity
beauty,beauty relative,subjective
beauty,beauty diverse complex,diversity
beauty,beauty tie strength,strength
beauty,beauty simple eg   sky,simplicity
beauty,beauty relax like view color,serenity
beauty,beauty lie transience,transience
beauty,majestic,majestic
beauty,open,openness
beauty,free,freedom
beauty,coexist,coexistence
beauty,green,green
beauty,lovely,pleasant
bird,migrate,migration
bird,bird fly,flight
bird,select ecosystem,habitat
bird,hunt,hunting
bird,lie egg,egg-laying
bird,build nest,nesting
bird,fly,flight
bird,find worm,feeding
bird,make noise,singing
bird,building nest,nesting
bird,sit powerline,perching
bird,litter car windshield,littering
bird,usually fly,flight
bird,,ubiquity
bird,typically migrate,migration
bird,loud,loud
bird,bring desease,disease
bird,important cicle life,ecological role
bird,fly sky,flight
bird,nest tree,nesting
bird,eat earth worm,worms
bird,fly south winter,migration
bird,sing beautiful song morning,singing
bird,lie egg,egg-laying
bird,feather,feathers
bird,lay egg,egg-laying
bird,fly,flight
bird,migrate winter,migration
bird,  beak,beak
bird,fly,flight
bird,mouth mouth,feeding
bird,motherly,parental care
bird,protective,parental care
bird,fly,flight
bird,vary color,diversity
bird,beak,beak
bird,blue,blue
bird,make noise,singing
bird,woodpecker,woodpecker
bird,enjoy tree,habitat
bird,worm,feeding
bird,beautifuil,beauty
bird,bird sing,singing
bird,bird lie egg,egg-laying
bird,bird fly pattern,flight
bird,bird adapt environment,adaptability
bird,different kind,diversity
bird,migrate,migration
bird,feather,feathers
bird,beak,beak
bird,movement,movement
bird,vision,vision
bird,egg,egg-laying
bird,ability build nest,nesting
bird,fly,flight
bird,feather,feathers
bird,beak,beak
bird,sing,singing
bird,come different shape size,diversity
bird,evolve environment,adaptability
bird,chirp,singing
bird,fly,flight
bird,nest,nesting
bird,pollinator,ecological role
bird,beautiful,beauty
bird,animal,animal
bird,nest,nesting
bird,pet,interaction
bird,capable fly,flight
bird,colorful,color
bird,adapt different habitat,adaptability
bird,migrate far distance,migration
bird,fly,flight
bird,feather,feathers
bird,beak,beak
bird,build nest,nesting
bird,lie egg,egg-laying
bird,wing,wings
bird,fly,flight
bird,feed,feeding
bird,drink,feeding
bird,love,positive emotion
bird,peace,positive emotion
bird,fulfillment,positive emotion
bird,feather,feathers
bird,beak,beak
bird,egg lay,egg-laying
bird,flight,flight
bird,warm blooded,warm-blooded
bird,migration,migration
bird,fly,flight
bird,sing,singing
bird,small creature,animal
bird,dinosaur,dinosaurs
bird,feather,feathers
bird,million specie,diversity
bird,feather,feathers
bird,beak,beak
bird,egg,egg-laying
bird,flight,flight
bird,migration,migration
bird,social behaviour,social
bird,fly,flight
bird,wing,wings
bird,cover sky,flight
bird,use tree home,nesting
bird,indicate healthy wildlife,ecological role
bird,music nature,singing
bird,feather,feathers
bird,beak,beak
bird,warm blooded,warm-blooded
bird,capable flight,flight
bird,lie egg,egg-laying
bird,sing communicate,singing
bird,noise maker,singing
bird,alarm system,protection
bird,protector,protection
bird,fly creature,flight
bird,egg layer,egg-laying
bird,food,feeding
bird,feather,feathers
bird,toothless,toothless
bird,beak jaw,beak
bird,lay hard shell egg,egg-laying
bird,chamber heart,heart
bird,strong lightweight skeleton,bones
bird,freedom,freedom
bird,colourful,color
bird,freespirit,freedom
bird,hunter,hunting
bird,fly,flight
bird,beauty,beauty
earth,describe complex organism,biosphere
earth,contain distinct specie,biodiversity
earth,water,water
earth,change,dynamics
earth,big,size
earth,bacteria,bacteria
earth,biosphere,biosphere
earth,geological layer,geology
earth,water body,water
earth,atmosphere,atmosphere
earth,climate zone,climate
earth,tectonic activity,geology
earth,large,size
earth,fragil,fragility
earth,round,shape
earth,life give,life-support
earth,home,habitat
earth,,abundance
earth,earth ground beneath,ground
earth,earth comprise layer,geology
earth,rock mineral inside earth,minerals
earth,earth necessary plant grow,life-support
earth,world live call earth,planet
earth,earth stretch thousand mile deep accessible,deep
earth,nature wild earth,wild
earth,nature passive earth,passive
earth,nature work pattern earth,working
earth,hotter summer cool winter,climate
earth,earth water natural resourse,water
earth,earth oxygen natural resource,oxygen
earth,planet sun,planet
earth,fifth large planet,size
earth,planet live thing,life-support
earth,4 billion year old,age
earth,milky way,solar system
earth,1 moon,moon
earth,earth contain kind nature,biodiversity
earth,healthy nature help earth stay healthy,ecological role
earth,lot work find nature planet earth,exploration
earth,nature human survive earth,life-support
earth,earth beautiful nature,nature
earth,nature cause destruction earth,natural disasters
earth,sphere,shape
earth,ocean,water
earth,land,land
earth,volcanoes,volvano
earth,mountain,mountains
earth,forest,forest
earth,tree,trees
earth,grass,vegetation
earth,rain water,water
earth,river,water
earth,ocean land,geography
earth,blue green,color
earth,water,water
earth,grass,vegetation
earth,sunshine,sun
earth,warmth,sun
earth,vitamin d,sun
earth,growth tree flower etc,vegetation
earth,air,atmosphere
earth,water,water
earth,soil,soil
earth,mineral,minerals
earth,biodiversity,biodiversity
earth,live thing,life
earth,round,shape
earth,land,land
earth,water,water
earth,solar system,solar system
earth,rotate axis,rotation
earth,orbit,orbit
earth,mountain valley,geography
earth,erosion,erosion
earth,natural disaster,natural disasters
earth,habitat living organism,habitat
earth,mineral resource,minerals
earth,support lif,life-support
earth,human being threshold,human life
earth,weather climate,climate
earth,planet,planet
earth,fill natural resource,natural resources
earth,disaster human natural,natural disasters
earth,environment weather change,climate influence
earth,biodiversity,biodiversity
earth,natural resource,natural resources
earth,ecosystem,ecosystem
earth,climate,climate
earth,weather,weather
earth,atmosphere,atmosphere
earth,unique feature earth unique feature grand canyon mount everest great barrier reef,unique
earth,constant change earth surface climate constantly change natural process,change
earth,support life earth support vast array life form microorganism complex organism,life-support
earth,soil formation earth soil form time weathering erosion deposition,soil
earth,rotate revolve earth rotate axis revolve sun create day night cycle season,rotation
earth,ecosystem earth complex ecosystem support wide range plant animal specie,ecosystem
earth,solid mass,geology
earth,home,habitat
earth,different material,minerals
earth,create life,life-support
earth,lay foundation structure,ground
earth,lay ancestor rest,ground
earth,give life,life-support
earth,water land,water
earth,forest green,forest
earth,spherical,shape
earth,oxygen nitrogen rich,atmosphere
earth,provide resource life,natural resources
earth,contain huge volume water,water
earth,spherical shape,shape
earth,contain human animal,life
earth,revolve sun,orbit
earth,lot element like oxygen,atmosphere
earth,gravity,gravity
earth,beuatiful,beauty
earth,fascinating,wonder
earth,cover water,water
earth,varied lush rainforest barren desert,diversity
earth,sheer vastness amazing,size
earth,variety animal individual adaptation fascinating,biodiversity
earth,round,shape
earth,move,dynamics
earth,die,fragility
earth,colorful,color
earth,wide,size
earth,livable,habitability
earth,ground,ground
earth,residential area live thig,habitat
earth,dirt,soil
earth,water,water
earth,mountain,mountains
earth,valley,valleys
flower,pretty,beauty
flower,nice smelling,fragance
flower,bright color,color
flower,spring time,spring
flower,calm,positive emotion
flower,annual,cycle
flower,body plant produce attractive,beauty
flower,plant reproduction,reproduction
flower,usually scent,fragance
flower,flower scent human find pleasant,fragance
flower,flower attract insect pollinate,pollination
flower,flower produce fruiting body,reproduction
flower,natural,natural
flower,beautiful,beauty
flower,smell good,fragance
flower,appreciation,symbolism
flower,decorate house,decoration
flower,plant,plant
flower,beautiful,beauty
flower,give honey bee pollination,honey
flower,necessary specie survive,ecological role
flower,manicure lawn,decoration
flower,delicate,fragility
flower,perinnial,perennial
flower,beauty,beauty
flower,grow naturally,natural
flower,help pollination,pollination
flower,different specie,diversity
flower,live organism,life
flower,provide sustenance bee population,pollination
flower,come seed,seeds
flower,different color,color
flower,beautiful,beauty
flower,smell good,fragance
flower,lovely look,beauty
flower,good animal,ecological role
flower,beautiful flower,beauty
flower,wedding,symbolism
flower,smell great,fragance
flower,color,color
flower,guy give date,symbolism
flower,birthday,symbolism
flower,flower bloom specific time influence season,bloom
flower,play key role reproduction plant attract insect like bee,reproduction
flower,typically vibrant color attract pollinator,color
flower,flower produce scent vary sweet subtle,fragance
flower,delicate short live require specific condition thrive,fragility
flower,come wide range shape size specie,diversity
flower,bloom,cycle
flower,pollen,pollination
flower,thorn,thorns
flower,water,water
flower,spring,spring
flower,different kind,diversity
flower,beautiful,beauty
flower,good smelling,fragance
flower,colorful,color
flower,natural,natural
flower,grow,growth
flower,life source,life
flower,beautiful,beauty
flower,smell good,fragance
flower,begin seed,reproduction
flower,come different color,color
flower,growth,growth
flower,spring summer,spring
flower,petal,petals
flower,stem,stems
flower,root,roots
flower,photosynthesis,life
flower,pollen,pollination
flower,aesthetic,beauty
flower,help bee pollinate,pollination
flower,food herbivore,ecological role
flower,home bug,ecological role
flower,coloful,color
flower,smell good,fragance
flower,attract bug,pollination
flower,beauty color,color
flower,frangrance scent,fragance
flower,pollination attraction,pollination
flower,growth development,growth
flower,nectar reward,nectar
flower,sensory experience,sensation
flower,beautiful,beauty
flower,come shade,color
flower,poisonous,toxic
flower,bright color like red yellow,color
flower,produce perfume scent,fragance
flower,hibiscus produce juice extract,juice
flower,good smell,fragance
flower,colorful,color
flower,bunche,group
flower,roadside,location
flower,visit bee,pollination
flower,tea,tea
flower,beautify nature,beauty
flower,beautify enviroment,beauty
flower,show love,symbolism
flower,flower sign happiness,symbolism
flower,flower show sadness,symbolism
flower,flower provide suger liquid,nectar
flower,flower pollinate,pollination
flower,seed ovule,reproduction
flower,sepal,sepals
flower,petal,petals
flower,reproductive organ,reproduction
flower,gift ceremony,symbolism
flower,beautiful,beauty
flower,lovely,beauty
flower,smell nice,fragance
flower,landscape appeal,decoration
flower,bee pollinate,pollination
flower,flowering lead fruit,reproduction
flower,bee food,pollination
flower,pop color green landscape,color
flower,soft scent air,fragance
flower,beautiful,beauty
flower,way reproduce plant,reproduction
flower,use color attract pollinator,color
flower,attract pollinator seed,pollination
flower,help plant reproduce,reproduction
flower,flower vital soil conservation,ecological role
flower,scent,fragance
flower,color,color
flower,stamen,stamens
flower,flower carnivorous,carnivorous
flower,flower attract bee pollination,pollination
flower,flower colorful,color
flower,flower smell good,fragance
flower,flower smell bad,fragance
flower,flower indigenous certain part world,location
forest,fill life,life
forest,degrade,environmental degradation
forest,profit,exploitation
forest,need protcte,conservation
forest,need life,life
forest,rural,rural
forest,preserve cost,conservation
forest,ancient tree,trees
forest,ecosystem,ecosystem
forest,natural resource,natural resources
forest,animal foliage,biodiversity
forest,sacred,sacred
forest,lose animal bug plant life,biodiversity
forest,dangerous,dangerous
forest,fun hike,recreation
forest,green,green
forest,edible thing eat,edible
forest,lose,dangerous
forest,forest dense thick tree,dense vegetation
forest,forest house animal specie,animals
forest,forest comprise different type tree,biodiversity
forest,forest look different depend location climate,diversity
forest,forest provide oxygen atmosphere need survival,oxygen
forest,forest lush green,green
forest,surround tree,trees
forest,home animal,animals
forest,help regulate water supply,water regulation
forest,absorb carbon dioxide,carbon storage
forest,home plant,biodiversity
forest,vital health planet,planetary health
forest,scary,dangerous
forest,camping,recreation
forest,lot tree,trees
forest,locate world,global
forest,bear,bear
forest,fresh air,air quality
forest,tree,trees
forest,animal,animals
forest,fall leave,leaves
forest,peaceful,peace
forest,alive,life
forest,feel like home,home
forest,dangerous spooky,dangerous
forest,tree lot,trees
forest,animal home,wildlife habitat
forest,trail,recreation
forest,bear river,bear
forest,mud mess,mud
forest,dense tree,dense vegetation
forest,biodiversity,biodiversity
forest,provide ecosystem service,ecological role
forest,multi layered structure,structure
forest,complex nutrient cycling system,nutrient cycling
forest,home diverse animal,animals
forest,tree,trees
forest,insect animal home,biodiversity
forest,vast plant specie,biodiversity
forest,vast animal insect specie,animals
forest,help air clean,air quality
forest,need order life earth,life
forest,tree soil oxygen,trees
forest,shade natural beauty water,natural resources
forest,grass nature animal,ecosystem
forest,carbon dioxide fresh air,carbon storage
forest,fertility landscape,fertility
forest,plant flower fungus grow,plant life
forest,greenery,green
forest,tree,trees
forest,bush,vegetation
forest,wildlife,wildlife
forest,biodiversity,biodiversity
forest,air,air quality
forest,woodsy,forest
forest,smell good,scent
forest,intimidate,dangerous
forest,tree,trees
forest,animal,wildlife
forest,animal home,wildlife habitat
forest,tree,trees
forest,deforestation,deforestation
forest,plant,plant life
forest,animal,wildlife
forest,carbon storage,carbon storage
forest,variety plant animal specie,biodiversity
forest,dense tree cover,dense vegetation
forest,biodiversity,biodiversity
forest,climate regulation,climate influence
forest,soil conservation,soil conservation
forest,nutrient cycling,nutrient cycling
forest,natural succession,ecological succession
forest,dense vegetation,dense vegetation
forest,biodiversity,biodiversity
forest,soil composition,soil
forest,water cycle vegetation,water cycle
forest,micro climate,microclimates
forest,ecological succession,ecological succession
forest,lush expansive,green
forest,ecosystem wide range specie,ecosystem
forest,green,green
forest,dangerous,dangerous
forest,beautiful,beauty
forest,safe haven,safe
forest,naturally green,green
forest,help reduce carbon dioxide,carbon storage
forest,help regulate heat,climate influence
forest,help regulate erosion,erosion
forest,home animal,wildlife habitat
forest,good source plant food,edible
forest,jungle water animal,jungle
forest,tree wildlife grass,ecosystem
forest,dirt root park,parks
forest,shelter adventure,shelter
forest,monkey snake bird,wildlife
forest,smell burning wildfire,wildfires
grass,thousand specie grass,species
grass,highly adaptable grow wide range environment,adaptability
grass,regenerate quickly cut,regrowth
grass,grow cluster,cluster growth
grass,provide habitat food variety animal,ecological role
grass,fibrous root system,roots
grass,photosynthesis,photosynthesis
grass,reproduction,reproduction
grass,herbaceous plant,herbaceous
grass,root system,roots
grass,ecosystem role,ecological role
grass,root system,roots
grass,tipically green,green
grass,take care,maintenance
grass,common park,parks
grass,alive,life
grass,particular smell wet,fragance
grass,important ecosystem,ecological role
grass,grass green,green
grass,grass soft feel good walk,soft
grass,grass food insect bug bird,insects
grass,grass ground bare foot,bare feet
grass,grass provide good soil grow vegetable,soil health
grass,grass lawn,lawn
grass,green,green
grass,rough,rough
grass,long,length
grass,allergy irritation,allergen
grass,fire hazard,fire risk
grass,beautiful,beauty
grass,tall short,length
grass,mow human use,mowing
grass,home bug,insects
grass,protect soil,soil health
grass,soft,soft
grass,different specie,species
grass,provide food wildlife,food source
grass,nature,nature
grass,grow different place,adaptability
grass,grass prevent soil erosion,soil health
grass,grass find earth,ubiquity
grass,grass commonly sport field,sports
grass,grass find place earth,ubiquity
grass,grass grow ground,ground
grass,grass green,green
grass,grass natural food source animal,food source
grass,people plant grass yard,lawn
grass,grass grow tall unkept,length
grass,green,green
grass,weed,weeds
grass,dry,dried
grass,itchy,allergen
grass,need cut,mowing
grass,dandolein,weeds
grass,flower,flowers
grass,bug,insects
grass,happy dog roll grass,dogs
grass,clover,weeds
grass,morning dew,dew
grass,green healthy grass,healthy
grass,green,green
grass,weed grow,weeds
grass,flower grow,flowers
grass,grass get tall need mow,mowing
grass,print mark object lay grass,marks
grass,wildlife eat,food source
grass,bug,insects
grass,green,green
grass,spider,insects
grass,snake,animals
grass,deer,animals
grass,microworld,microworld
grass,widespread distribution,ubiquity
grass,diverse specie,species
grass,herbaceous plant,herbaceous
grass,adaptability,adaptability
grass,important food source,food source
grass,erosion control,soil health
grass,color,colors
grass,plant,plant
grass,bug,insects
grass,food,food source
grass,bed,laying
grass,fire,fire risk
grass,green,green
grass,grow,growth
grass,wild domesticate ie people yard,adaptability
grass,wild grass source food wildlfe,food source
grass,help ecosystem,ecological role
grass,provide oxygen,oxygen production
grass,seasonal change grass growth color change season grass go dormant winter month,seasonal change
grass,oxygen production like plant grass produce oxygen byproduct photosynthesis,oxygen production
grass,ecological importance grass provide food habitat animal insect graze mammal,ecological role
grass,"diverse specie 10,000 know specie grass range tall grass like bamboo short grass like blue grama",species
grass,soil stabilization grass root help hold soil place prevent erosion landslide,soil health
grass,widespread distribution grass find continent environment tropical arctic region,ubiquity
grass,,ubiquity
grass,indicate life,life
grass,abundant,abundance
grass,grow wild,adaptability
grass,good resting area,resting
grass,nourish animal,food source
grass,contain chlorophyll photosynthesis,photosynthesis
grass,form dense tuft patch,cluster growth
grass,typically remain close ground,growth
grass,feature long thin blade,length
grass,need sunlight growth,sunlight
grass,support wildlife insect,ecological role
grass,green,green
grass,feed,food source
grass,,ubiquity
grass,naturally occur,natural
grass,eat human,inedible
grass,farm,agriculture
grass,plant,plant
grass,photosynthesis,photosynthesis
grass,reproduction,reproduction
grass,biodegradable,biodegradable
grass,water requirement,needs water
grass,growth,growth
grass,green,green
grass,useless human use lawn eat,inedible
grass,useful native habitat prevent soil erosion,soil health
grass,graze cow,grazing
grass,open prairie,grass
grass,unruly,untamed
grass,camouflage,camouflage
grass,water collector,water
grass,provide cool spot,shade
grass,ground cover,ground
grass,tree,ground
grass,low lie cover,ground
grass,grass green,green
grass,grass eat animal,food source
grass,grass big tree,size
grass,grass decorate,beauty
grass,grass home little insect,insects
grass,grass reduce green house effect,carbon storage
green,signal new life,new life
green,common spring summer tree,spring
green,animal chameoflouge,camouflage
green,signify ripe,ripeness
green,common,common
green,lack green indicate end growth season,seasonal change
green,result chlorophyll plant,chlorophyll
green,color mineral,minerals
green,predominate color amphibian,amphibian color
green,predominate color reptile,reptile
green,common color insect,insects
green,algae bloom,algae
green,natural,natural
green,chlorophyll,chlorophyll
green,vital photosynthesis,photosynthesis
green,common,common
green,different shade,shade
green,plant green,plant
green,leafy,leafs
green,natural,natural
green,healthy,healthy
green,summer spring,spring
green,mature,maturity
green,camoflague,camouflage
green,tree,trees
green,grass,grass
green,forest tree unmanned land,forest
green,vitality,vitality
green,growth,growth
green,healthy land,healthy
green,,ubiquity
green,signify health,healthy
green,grow summer,summer
green,go away winter,winter
green,help plant photosynthesize,photosynthesis
green,pretty,beauty
green,foliage green,foliage
green,green mean life growth,growth
green,green comfort nature,positive emotion
green,nature green primarily warm month,summer
green,absence greenery mean get cold,winter
green,healthy grass green,grass
green,plant,plant
green,alive,vitality
green,food,food
green,shelter,shelter
green,cover,cover
green,oxygen,oxygen
green,grass,grass
green,tree,trees
green,clean,clean
green,lively,vitality
green,life source,vitality
green,edible,edible
green,color leave,leaf color
green,summer grass,seasonal change
green,certain animal change green conceal,camouflage
green,flower stem green,green
green,color frog,amphibian color
green,polluted water green,algae
green,provide natural balance,balance
green,improve environmental health,healthy
green,fresh environment,freshness
green,pure clean vegetation,clean
green,biodiversity,biodiversity
green,high degree photosynthesis,photosynthesis
green,associate plant vegetation,plant
green,dominant color forest landscape,forest
green,symbolize balance nature cycle,balance
green,link eco friendliness sustainability,sustainability
green,calm soothe color,positive emotion
green,represent growth harmony,growth
green,chlorophis plant,chlorophyll
green,general color land see space,earth color
green,way living produce little polutiant,eco-friendly
green,good sign life earth see space,vitality
green,hold water,water retention
green,comon color earth occur naturaly,natural
green,chlorophyll,chlorophyll
green,vegetation,vegetation
green,healthy growth,healthy
green,photosynthesis,photosynthesis
green,ecosystem,ecosystem
green,health environment,healthy
green,grass,grass
green,tree,trees
green,health,healthy
green,thrive,vitality
green,beautiful environment,beauty
green,animal,animals
green,color chlorophyll,chlorophyll
green,usually plant leave,plant
green,tree usually green spring summer,spring
green,bush typically green,bushes
green,grass typically green,grass
green,lot insect animal eat leave green,leaves
green,tree,trees
green,grass,grass
green,plant,plant
green,gardens,gardens
green,apple,apples
green,forest,forest
green,green sign wealth,wealth
green,green sign love,love
green,green sign love,love
green,green color,green
green,green beautify nature,beauty
green,green light,light
green,earthy tone green earthy tone connect natural world,earth color
green,healing green associate healing believe soothe effect eye mind,healing
green,abundance green signifie abundance prosperity lushness natural environment,abundance
green,freshness green represent freshness youth vitality nature,freshness
green,camouflage green common color animal camouflage help creature blend surrounding,camouflage
green,symbolism green symbolize life renewal fertility culture,vitality
green,synonymous nature,natural
green,color leave,leaf color
green,usually indicate eco friendly,eco-friendly
green,color leave cover earth,leaf color
green,indicate vitality,vitality
green,connotate healthy forest,forest
green,find plant chlorophyll,chlorophyll
green,associate healthy grow vegetation,vegetation
green,common color plant foliage,leaf color
green,represent harmony equilibrium,balance
green,dominant color natural landscape,green
green,range pale dark green,shade
green,clean,clean
green,low carbon footbprint,eco-friendly
green,organi,organic
green,untainted,clean
green,original state thing,natural
green,unspoile human,unspoiled
lake,affect water level behavior aquatic life,aquatic life
lake,experience seasonal change,seasonal change
lake,play key role nutrient cycling,nutrient cycling
lake,serve reservoir aquatic ecosystem,ecological role
lake,vary greatly depth,depth
lake,influence type plant animal live,ecological role
lake,body water,body of water
lake,ecosystem,ecosystem
lake,depth variation,depth
lake,water level,water levels
lake,surround land,landlocked
lake,nutrient cycling,nutrient cycling
lake,water,water
lake,fishing,fishing
lake,boat activity,boating
lake,fish,fish
lake,body water,body of water
lake,fresh water,freshwater
lake,ecosystem,ecosystem
lake,water source animal,water source
lake,help cool area,climate influence
lake,home animal,animals
lake,water,water
lake,cool,cool
lake,lake stream creak,water source
lake,lake house fish,fish
lake,lake people place cool swim,swimming
lake,lake big look like ocean,size variation
lake,lake fresh water generally,freshwater
lake,lake shallow deep,depth
lake,large,large
lake,water source,water source
lake,fun,recreation
lake,calm,calming
lake,refresh,refreshing
lake,fishing source,fishing
lake,fresh water,freshwater
lake,provide recreational fishing,fishing
lake,freeze cold environment,freezing
lake,provide home multitude specie fish,ecological role
lake,provide food animal specie rely aquatic specie,ecological role
lake,give human animal water stay alive,water source
lake,water,water
lake,support wildlife,wildlife
lake,refuge bird,bird
lake,water animal,water source
lake,support microscopic organism,microscopic organisms
lake,undervalue,undervalued
lake,fun swim dangerous,swimming
lake,home bass,fish
lake,beautiful view,beauty
lake,great boat water skiing,boating
lake,cover lot surface area,large
lake,typically deep,shallow
lake,body water,body of water
lake,,still water
lake,tree,trees
lake,kayak,boating
lake,lake house,lakehouse
lake,fishing,fishing
lake,wet,water
lake,deep,depth
lake,home fish,fish
lake,swimmable,swimming
lake,shark,safe
lake,wave,waves
lake,water characteristic,still water
lake,define boundary,landlocked
lake,influence climate area,climate influence
lake,seasonal variation,seasonal change
lake,recreational value,recreation
lake,possess fresh water,freshwater
lake,blue,blue
lake,swim shark,swimming
lake,beach,beach
lake,fun day friend,fun
lake,large,large
lake,safe,safe
lake,water,water
lake,light breeze,breeze
lake,fish,fish
lake,otter,otter
lake,tree,trees
lake,storm,storms
lake,body fresh saltwater,body of water
lake,landlocke,landlocked
lake,still.or slow move water,still water
lake,support aquatic life,ecological role
lake,water cycle component,water cycle
lake,geological formation,geology
lake,big,large
lake,small,small
lake,water,water
lake,biodiversity,biodiversity
lake,pollution,pollution
lake,clean,clean
lake,fish,fish
lake,water,water
lake,algea,algae
lake,,still water
lake,boat,boating
lake,swim,swimming
lake,fresh water,freshwater
lake,contain land,landlocked
lake,feed river stream,water source
lake,self contain,contained
lake,home specie,species
lake,deep water,depth
lake,blue,blue
lake,natural,natural
lake,large deep,depth
lake,contain wildlife,wildlife
lake,replenish rain level high,rain
lake,clean,clean
lake,water body,water body
lake,help animal drink,water source
lake,cover half earth,large
lake,help nature,natural
lake,add nature,natural
lake,lake contain fish,fish
lake,support ecosystem,ecological role
lake,fresh water,freshwater
lake,water,still water
lake,body water,body of water
lake,human,recreation
lake,lake experience seasonal change freeze winter colder climate,seasonal change
lake,water,water
lake,boat,boating
lake,wide,large
lake,deep,depth
lake,cold,cold
lake,beautiful,beauty
lake,water body,body of water
lake,ecosystem,ecosystem
lake,get water source,water source
lake,freshwater,freshwater
lake,provide extracurricular nature relate activity swimming fishing etc,recreation
lake,natural man,natural
lake,,still water
lake,fish,fish
lake,life,life
lake,peace,calming
lake,souce water,water source
lake,rock,rocks
leaf,change,seasonal change
leaf,green orange red,color change
leaf,deciduous tree,deciduous
leaf,poisonous,toxic
leaf,good compost,compost
leaf,old fashioned toilet paper,toilet paper
leaf,plant,plant
leaf,grow plant,plant part
leaf,plant structure,plant part
leaf,plant anatomy,plant part
leaf,green time,green
leaf,piece plant,plant part
leaf,crunchy,texture
leaf,beautiful,beauty
leaf,food worm,food source
leaf,messy,messy
leaf,brown,brown
leaf,green,green
leaf,leaf typically green summer,seasonal change
leaf,leaf change color autumn,color
leaf,leaf fall tree autumn,falling
leaf,leaf regrow spring,growth
leaf,leaf absorb sunlight like solar panel,photosynthesis
leaf,leaf vein run water tip,veins
leaf,extensuion,growth
leaf,integral leaf,plant part
leaf,plant framework,plant structure
leaf,necessary ecosystem,ecological role
leaf,food insect animal,food source
leaf,provide cushioning plant,protection
leaf,change color,seasonal change
leaf,grow tree,growth
leaf,fall tree winter,seasonal change
leaf,turn red orange fall,seasonal change
leaf,provide shade tree,shade
leaf,come shape,shape variation
leaf,pant,plant part
leaf,food source,food source
leaf,produce oxygen,oxygen production
leaf,green,green
leaf,create shade,shade
leaf,feed plant,plant nourishment
leaf,play key role photosynthesis convert sunlight energy plant,photosynthesis
leaf,typically green chlorophyll help capture light,chlorophyll
leaf,contain network vein transport water nutrient,veins
leaf,vary widely shape size depend plant specie,shape variation
leaf,shed seasonally particularly deciduous tree,seasonal change
leaf,different texture smooth jagged waxy depend plant adaptation,texture
leaf,grow tree bush,growth
leaf,different kind,variety
leaf,color change,seasonal change
leaf,fall branch weather get cold,seasonal change
leaf,play keep air clean,oxygen production
leaf,stem,stems
leaf,grow plant tree shrub,plant
leaf,essential photosynthesis growth,photosynthesis
leaf,varied shape size color,shape variation
leaf,provide food shelter wildlife,food source
leaf,change color season e.g. autumn foliage,seasonal change
leaf,fall tree autumn dry season,falling
leaf,green color,green
leaf,process photosynthesis,photosynthesis
leaf,vein,veins
leaf,stoma,stomata
leaf,leaf cycle,seasonal change
leaf,leaf arrangement,plant structure
leaf,look attractive,beauty
leaf,green,green
leaf,stem,stems
leaf,serve medium plant grow,plant growth
leaf,serve flower,flowers
leaf,edible,edible
leaf,thing tree,trees
leaf,green red,color
leaf,fall tree flammable,falling
leaf,get stuck foot car tire,messy
leaf,leaf pile,messy
leaf,nature like dead alive,nature health
leaf,brown orange red yellow green,color
leaf,grow tree,growth
leaf,fall ground autumn,seasonal change
leaf,plant,plant part
leaf,food insect,food source
leaf,crunchy,texture
leaf,grow tree plant,growth
leaf,vary shape depend plant grow,shape variation
leaf,gather sunlight plant,photosynthesis
leaf,signal health plant,nature health
leaf,leave tree fall autumn,seasonal change
leaf,beneficial great natural system,ecological role
leaf,grean,green
leaf,lush,beauty
leaf,fall color,seasonal change
leaf,shade,shade
leaf,breeze,breeze
leaf,maple,maple
leaf,plant,plant part
leaf,green color,color
leaf,stem branch grow,growth
leaf,pluck die wither away,decay
leaf,change color different season,seasonal change
leaf,beautiful,beauty
leaf,absorb sunlight,photosynthesis
leaf,require water,plant nourishment
leaf,eat animal,food source
leaf,vien,veins
leaf,plant lifeforce,photosynthesis
leaf,limb plant,plant part
leaf,tree brush page,trees
leaf,brush blow tree stump,brush
leaf,fall,seasonal change
leaf,outdoors kid snake,outdoors
leaf,house yard forest,yard
leaf,lake scenery,beauty
leaf,plant,plant
leaf,water catcher,water retention
leaf,way determine plant,plant identification
leaf,provide shade,shade
leaf,provide camouflage,protection
leaf,food,food source
leaf,green,green
leaf,alive,alive
leaf,oxygen,oxygen production
leaf,natural,natural
leaf,life,life
leaf,photosynthesis,photosynthesis
mountain,incredibly old,ancient
mountain,create natural division land,barrier
mountain,interesting specific specie like mountain goat,goats
mountain,deadly,dangerous
mountain,big,large
mountain,unfortunately coal,resource
mountain,large rock formation,rocks
mountain,large peak nature,peak
mountain,large rocky mound,rocks
mountain,rock mound cover plant,vegetation
mountain,high peak,peak
mountain,prominent mound,mound
mountain,tall,tall
mountain,snow,snow-capped
mountain,cave,caves
mountain,spring,water source
mountain,bury pyramid,mystery
mountain,ancient civilization melt stone,ancient
mountain,large,large
mountain,tall,tall
mountain,touch cloud,tall
mountain,dangerous climb,dangerous
mountain,beautiful,beauty
mountain,home animal specie,habitat
mountain,daunt,daunting
mountain,great place hiking,hiking
mountain,massive,large
mountain,block sun,barrier
mountain,fun climb,climbing
mountain,fun thing observe nature,beauty
mountain,high surround terrain significant altitude,elevation
mountain,comprise rock cliff rugged landscape,rugged terrain
mountain,peak cover snow especially colder climate,snow-capped
mountain,home diverse flora fauna unique mountain environment,biodiversity
mountain,subject natural erosion process like wind water ice,erosion
mountain,popular outdoor activity like hiking climbing skiing,outdoors
mountain,high,tall
mountain,breathe taking,beauty
mountain,avalanch,avalanches
mountain,climber,climbing
mountain,different kind animal,biodiversity
mountain,peak valley,peak
mountain,fortress,barrier
mountain,weather changer,climate influence
mountain,barrier,barrier
mountain,harsh environment,harsh conditions
mountain,refuge,refuge
mountain,wild,wild
mountain,low oxygen near,low oxygen
mountain,beautiful view,beauty
mountain,dangerous climb,dangerous
mountain,wildlife,biodiversity
mountain,rewarding exercise,hiking
mountain,cold temperature,cold
mountain,tall,tall
mountain,climb,climbing
mountain,mount everest landmark,landmarks
mountain,snow peak,snow-capped
mountain,dangerous cliff,dangerous
mountain,water source,water source
mountain,highe point land masse,elevation
mountain,result plate techtonic volcanic activity,geology
mountain,wear million year erosion,erosion
mountain,big,large
mountain,cold high,temperature variation
mountain,tree increesingly o2,low oxygen
mountain,elevated terrain,elevation
mountain,peak summit,peak
mountain,geological formation,geology
mountain,climate variation,climate influence
mountain,climate variation,climate influence
mountain,vegetation zone,vegetation
mountain,elevation,elevation
mountain,geological formation,geology
mountain,ecosystem,ecosystem
mountain,climate variation,climate influence
mountain,rugged terrain,rugged terrain
mountain,peak,peak
mountain,stand significantly surround land,elevation
mountain,rugge steep terrain,rugged terrain
mountain,host habitat base peak,biodiversity
mountain,snow cap peak especially high altitude,snow-capped
mountain,typically large mountain range,range
mountain,influence local weather pattern precipitation,climate influence
mountain,tall,tall
mountain,range,range
mountain,climbable,climbing
mountain,cover snow ice,snow-capped
mountain,away city,remote
mountain,sharp triangular peak,peak
mountain,lion labdscape,lion
mountain,rocky snow peak valley,terrain
mountain,tall picturesque outdoor forest,outdoors
mountain,tree animal elevation,trees
mountain,dangerous adventure large,dangerous
mountain,cloud bird,clouds
mountain,high,tall
mountain,spring,water source
mountain,tree,trees
mountain,hike,hiking
mountain,tree,trees
mountain,rock,rocks
mountain,tall,tall
mountain,snow cap,snow-capped
mountain,keep safe federal law,protected
mountain,hard climb,dangerous
mountain,dangerous prepare,dangerous
mountain,mountain goat live,goats
mountain,formation,geology
mountain,elevation,elevation
mountain,water source,water source
mountain,hike,hiking
mountain,cold climate,cold
mountain,erosion,erosion
ocean,beautiful,beauty
ocean,mysterious deep,mystery
ocean,home animal,habitat
ocean,get hot,climate influence
ocean,current,currents
ocean,help form hurricane,weather influence
ocean,blue,blue
ocean,grey,grey
ocean,water,water
ocean,wet,wet
ocean,fish,marine life
ocean,whale,marine life
ocean,large size,large
ocean,salty water,saltwater
ocean,create massive flooding,flooding
ocean,control weather,weather influence
ocean,enormous current,currents
ocean,feed river continent,water source
ocean,vast,large
ocean,deep,depth
ocean,blue,blue
ocean,hard navigate,navigation
ocean,separate continent,barrier
ocean,life,biodiversity
ocean,ecosystem,ecosystem
ocean,large body water,large
ocean,habitat marine life,habitat
ocean,protect,conservation
ocean,salt water,saltwater
ocean,home large mammal,marine life
ocean,ocean deep mount everest,depth
ocean,ocean coral reef,ecosystem
ocean,ocean tide depend moon,tides
ocean,ocean cover 71 earth surface,large
ocean,large mammal like whale find ocean,marine life
ocean,ocean play crucial role regulate earth climate,climate influence
ocean,huge,large
ocean,different specie,biodiversity
ocean,dangerous,dangerous
ocean,storm,weather influence
ocean,sailing,navigation
ocean,pacific,pacific
ocean,earth cover ocean,large
ocean,deep ocean call mariana trench,depth
ocean,different specie fish mammal live ocean,biodiversity
ocean,human fish ocean food source,food source
ocean,ocean deep,depth
ocean,different ocean world,oceans
ocean,vast,large
ocean,life bear,biodiversity
ocean,home fish aquatic creature,marine life
ocean,deep,depth
ocean,way travel ship,navigation
ocean,origin life earth,origin
ocean,vast,large
ocean,blue,blue
ocean,dangerous,dangerous
ocean,home creature,habitat
ocean,make wave,waves
ocean,make white noise,sounds
ocean,cover majority earth surface hold bulk planet water,large
ocean,compose primarily saltwater vary salinity level,saltwater
ocean,home diverse ecosystem include fish mammal coral reef,biodiversity
ocean,drive wind temperature earth rotation influence global climate pattern,climate influence
ocean,affect gravitational pull moon cause regular rise fall sea level,tides
ocean,range shallow coastal area deep ocean trench deep part earth,depth
ocean,vast,large
ocean,contain life form,biodiversity
ocean,provide food human animial,food source
ocean,crash wave serene sound,sounds
ocean,beautiful color,beauty
ocean,marine life form million,biodiversity
ocean,large size,large
ocean,high degree salt water,saltwater
ocean,high level current tide,currents
ocean,influence climate,climate influence
ocean,high wave action,waves
ocean,marine life,marine life
ocean,constantly motion tide wave current,tides
ocean,large body water earth,large
ocean,source food oxygen resource,food source
ocean,cover planet surface,large
ocean,influence global climate weather,climate influence
ocean,inspire awe recreation scientific study,beauty
ocean,blue,blue
ocean,deep,depth
ocean,lot fish animal,biodiversity
ocean,salty freshwater,saltwater
ocean,vary color depend ocean,color
ocean,shipwreck ocean,shipwrecks
ocean,blueish,blue
ocean,large,large
ocean,lot life,biodiversity
ocean,biodiversity,biodiversity
ocean,clean,clean
ocean,dirty,dirty
ocean,vast,large
ocean,blue,blue
ocean,creature inhabit,biodiversity
ocean,unexplored part,mystery
ocean,human naturally live,inhospitable
ocean,travel year,navigation
ocean,marine wild life,marine life
ocean,beach,beach
ocean,place relax mind,serenity
ocean,taste salt mouth water,saltwater
ocean,fish aquatic animal,marine life
ocean,peaceful serene,serenity
ocean,cover half earth,large
ocean,provide habitat million specie,biodiversity
ocean,deep,depth
ocean,saltwater,saltwater
ocean,provider food,food source
ocean,surround continent,barrier
ocean,carbon sequestration ocean absorb store carbon dioxide atmosphere help mitigate climate change,carbon storage
ocean,nutrient cycling ocean play key role cycling nutrient include nitrogen phosphorus carbon,nutrient cycling
ocean,oxygen production phytoplankton ocean produce oxygen photosynthesis,oxygen production
ocean,shoreline shaping ocean shape coastline erosion deposition process,shoreline
ocean,weather pattern ocean influence weather pattern include formation hurricane typhoon storm,weather influence
ocean,temperature regulation ocean play crucial role regulate earth temperature absorb store heat sun,climate influence
ocean,earth ocean,large
ocean,contain extremely diverse variety fish animal,biodiversity
ocean,sea level rise climate change,climate influence
ocean,food resource,food source
ocean,saltwater,saltwater
ocean,tide current,tides
ocean,vastness,large
ocean,depth,depth
ocean,tide,tides
ocean,wave,waves
ocean,current,currents
ocean,salt,saltwater
plant,green,green
plant,alive,life
plant,big,size
plant,cool,beauty
plant,thirsty,water
plant,bloom,bloom
plant,help create oxygen,oxygen
plant,helpful,helpful
plant,poison,poisonous
plant,medicine,medicinal
plant,food,edible
plant,neat look,beauty
plant,green,green
plant,nature,nature
plant,gorgeous,beauty
plant,alive,life
plant,home insect,insects
plant,take care,conservation
plant,give oxygen use carbon dioxide,oxygen
plant,create medicine cure,medicinal
plant,poisonous,poisonous
plant,food human animal,edible
plant,help ecosystem alive,ecological role
plant,beautiful,beauty
plant,plant grow continuously life,growth
plant,plant change season,seasonal change
plant,plant reduce greenhouse effect,climate influence
plant,plant provide oxygen,oxygen
plant,flower mainly come plant,flowers
plant,plant provide seed produce eat,seeds
plant,necessary combat co2,carbon storage
plant,danger extinct,endangered
plant,generally undervalue human,undervalued
plant,necessary functioning,essential
plant,interweave mainly life form,ecosystem
plant,food,edible
plant,plant major nature,nature
plant,houseplant nature inside house,houseplant
plant,human add plant nature,conservation
plant,different kind plant thrive different kind nature,diversity
plant,destruction plant harm surround nature,destruction
plant,power plant harm nature,power plant
plant,important,essential
plant,life,life
plant,pure,natural
plant,beautiful,beauty
plant,natural,natural
plant,unopinionated,neutral
plant,oxygen,oxygen
plant,medicinal,medicinal
plant,edible,edible
plant,poisonous,poisonous
plant,green,green
plant,leave,leaves
plant,need water,water
plant,root,roots
plant,provide oxygen,oxygen
plant,feed sun,sunlight
plant,habitat creature,habitat
plant,bright color,color
plant,green,green
plant,pleasant,beauty
plant,green,green
plant,environment fresh,ecological role
plant,serve meal animal,edible
plant,protect ecosystem,ecological role
plant,autotrophic,autotrophic
plant,cellulose base cell wall,cell structure
plant,growth development,growth
plant,diversity,diversity
plant,adaptability,adaptability
plant,essential life,essential
plant,flower,flowers
plant,bonsai,bonsai
plant,co2,climate influence
plant,green,green
plant,pretty,beauty
plant,chlorophyll,chlorophyll
plant,green,green
plant,need sunlight,sunlight
plant,need water,water
plant,branch blossom,branches
plant,plant loamy soil,soil
plant,need manure fertiizer grow,nutrients
plant,food plant,edible
plant,plant provide nature,nature
plant,plant food animal,edible
plant,plant provide cotton,cotton
plant,plant provide food animal,edible
plant,plant beautify nature,beauty
plant,photosynthesis,photosynthesis
plant,root system,roots
plant,diversity form,diversity
plant,development tissue,growth
plant,reproduction,reproduction
plant,cell wall,cell structure
plant,green,green
plant,live,life
plant,need water survive,water
plant,generally branch,branches
plant,generally leave,leaves
plant,grow fruit vegetable flower,fruit
plant,thrive,growth
plant,sun,sunlight
plant,water,water
plant,oxygen,oxygen
plant,edcosytem,ecosystem
plant,air,air
plant,sand,soil
plant,gravity,gravity
plant,sunshine,sunlight
plant,water,water
plant,growth,growth
plant,air,air
plant,plant depend photosynthesis,photosynthesis
plant,plant vital ecosystem,ecological role
plant,seasonal cycle,seasonal change
plant,plant regenerational,growth
plant,plant play key role nutrient cycling,nutrient cycling
plant,medicinal,medicinal
river,small stream,streams
river,floodplain,floodplain
river,provide habitat wide variety wildlife,habitat
river,play significant role shape landscape,erosion
river,flow continuously large body water,flow
river,source spring glacier rainfall,has source
river,flow,flow
river,polluted,pollution
river,rush,current
river,whitewater,current
river,serene,serenity
river,roll,current
river,wide variety size,size
river,important water food source,resource
river,contain wide variety specie,biodiversity
river,create natural division land,barrier
river,deadly life give,dangerous
river,easily pollute,pollution
river,flow south possible,flow
river,connect ocean,ocean connection
river,connect lake,lake connection
river,source water people animal,water source
river,contaminate point unsafe drink,pollution
river,focal point city,urban
river,flow ocean,ocean connection
river,create rich biodiversity,biodiversity
river,run straight line,winding
river,current,current
river,attract land animal,habitat
river,vary depth,depth
river,flow,flow
river,missouri river large rive ibn usa,Missouri
river,mississippi river large river usa,Mississippi
river,row boat river,boating
river,swim,swimming
river,cold,temperature
river,wet,wet
river,lot wildlife,habitat
river,fragilie ecosysteam,ecosystem
river,fun swim,swimming
river,dangerous,dangerous
river,fish bug,habitat
river,water run rock,rocks
river,flow,flow
river,sound water flow rock,sound
river,forrest,forest
river,shallow,depth
river,narrow body water,size
river,beautiful sound,sound
river,overtake area,flooding
river,disastrous,dangerous
river,swim,swimming
river,serene,serenity
river,different living creature,biodiversity
river,environment amphibian,habitat
river,transport plant animal,transport
river,food source,resource
river,water source,water source
river,shape land,erosion
river,barrier,barrier
river,home animal,habitat
river,dangerous rapid,dangerous
river,beautiful sound,sound
river,source fresh water,freshwater
river,provide food surround ecosystem,resource
river,lead ocean,ocean connection
river,wave current,current
river,blue fast,blue
river,peaceful,serenity
river,rock stone,rocks
river,waterfalll,waterfall
river,water hole animal,water source
river,water,water
river,blue,appearance
river,freshwater,dangerous
river,fish,fish
river,rush,current
river,dangerous,dangerous
river,vary size,size
river,center ecosystem,ecological role
river,erode land overtime,erosion
river,stretch entire continent,size
river,creature inhabit,habitat
river,dangerous time,dangerous
river,flow,flow
river,consist water,water
river,contain fish,fish
river,participate erosion,erosion
river,transport,transport
river,important source water wildlife,water source
river,water flow,flow
river,erosion,erosion
river,fish,fish
river,vegetation,vegetation
river,transport seed naturally,transport
river,support small ecosystem,ecological role
river,water,water
river,fish,fish
river,cover earth,geography
river,good nature,nature
river,provide drinking water,water source
river,great impact,importance
river,wet,wet
river,long,size
river,windy,wind
river,rock,rocks
river,dangerous,dangerous
river,wild fun,adventure
river,flow,flow
river,fishing,fishing
river,water,water
river,raft,rafting
river,canoe,canoeing
river,waterfall,waterfall
river,water stick leave wildlife rock,habitat
river,cold fast,temperature
river,cool breeze,breeze
river,white cap strong current,current
river,fishing boat,fishing
river,large body water spend summer,recreation
river,strong,current
river,alive,life
river,wind,winding
river,home fish,fish
river,home bear,bear
river,giver life,life
sky,blue,blue
sky,cloudy,clouds
sky,overcast,clouds
sky,sunny,sunshine
sky,grey,grey
sky,big,size
sky,cloudy,clouds
sky,blue,blue
sky,sunset,sunset
sky,rainy,rain
sky,dome like,shape
sky,ozone,ozone
sky,blue,blue
sky,bright,brightness
sky,cloudy,clouds
sky,white,white
sky,beautiful,beauty
sky,high,altitude
sky,sky blue,blue
sky,vast,size
sky,sky cover cloud,clouds
sky,separate earth outerspace,barrier
sky,pretty,beauty
sky,calm,calm
sky,come different color,colors
sky,beautiful look,beauty
sky,huge vast,size
sky,make feel small look,feeling
sky,lack oxygen,oxygen
sky,star,stars
sky,blue,blue
sky,cloudy,clouds
sky,sunshine,sunshine
sky,bird fly,birds
sky,cloud shift,clouds
sky,sun set end day,sunset
sky,cloud,clouds
sky,rain,rain
sky,clear sky,clear
sky,blue white,colors
sky,drizzle,rain
sky,snow,snow
sky,rain,rain
sky,snow,snow
sky,sunshine,sunshine
sky,shade,shade
sky,blue,blue
sky,cloud,clouds
sky,blue cloudy,clouds
sky,precipitation come,rain
sky,sunrise sunset,sunrise
sky,thunderstorm lightning event,storms
sky,moon star,celestial bodies
sky,helicopter plane appear,aircraft
sky,sun,sun
sky,cloud,clouds
sky,celestial body,celestial bodies
sky,color change,colors
sky,sun rise sun set,sunrise
sky,visible star,stars
sky,blue,blue
sky,high,altitude
sky,protect sun,protection
sky,cloud rain cloud,clouds
sky,plane fly nature sky,aircraft
sky,bird use sky glide air,birds
sky,blue,blue
sky,bird,birds
sky,clousd,clouds
sky,wind,wind
sky,sun,sun
sky,star,stars
sky,blue color,blue
sky,day night cycle,day/night cycle
sky,sunrise   sunset,sunrise
sky,aurora display,aurora
sky,star pattern,stars
sky,airglow,airglow
sky,blue,blue
sky,grey storm come,grey
sky,fill cloud,clouds
sky,thing fly sky,aircraft
sky,inhabit sky,empty
sky,layer,layers
sky,blue,blue
sky,blue,blue
sky,heavenly,heavenly
sky,cloudy,clouds
sky,bright,brightness
sky,dark,dark
sky,blue,blue
sky,amazing cloud,clouds
sky,change beautiful color base sun,colors
sky,active place bird insect animal,wildlife
sky,cloud,clouds
sky,inspire freedom,freedom
sky,cloud,clouds
sky,storm,storms
sky,sun,sun
sky,weather,weather
sky,pollute,pollution
sky,ozone layer,ozone
sky,light,light
sky,airglow,airglow
sky,moon,moon
sky,star,stars
sky,milky way,celestial bodies
sky,zodiacal,celestial bodies
sky,blue,blue
sky,gloomy,grey
sky,cloudy,clouds
sky,warm chilly,temperature
sky,bright day dark evening,day/night cycle
sky,meet tree horizon sunset,sunset
sky,sunrise,sunrise
sky,sunset,sunset
sky,star,stars
sky,planet,planets
sky,cloud,clouds
sky,ozone layer,ozone
tree,root,roots
tree,trunk,trunk
tree,branch,branches
tree,bark,bark
tree,leave needle,leaves
tree,growth ring,growth
tree,sturdy trunk,trunk
tree,tree leave,leaves
tree,tree bear fruit,fruit
tree,tree impact local climate,climate impact
tree,tree produce oxygen,oxygen
tree,tree chlorophyll leave,chlorophyll
tree,provide shade,shade
tree,bear fruit,fruit
tree,drink water ground rain lake,water absorption
tree,provide acorn squirrel,food source
tree,leave turn color fall,seasonal change
tree,leave fall ground protect earth winter,leaves
tree,give oxygen use carbon dioxide,oxygen
tree,provide home food animal,habitat
tree,provide shelter element,shelter
tree,old,age
tree,provide partially renewable resource man,resources
tree,assist environment fall natural order leave,ecological role
tree,tall,tall
tree,leave,winter
tree,green summer spring,green
tree,leave winter,winter
tree,surround tree,forest
tree,provide shade sun,shade
tree,tree reduce greenhouse effect,climate impact
tree,tree fresh air,oxygen
tree,tree planet,planet
tree,tree limit noise pollution,noise reduction
tree,tree life,life
tree,tree talk,talk
tree,essential life,life
tree,home animal,habitat
tree,especially beautiful fall,beauty
tree,give animal shade,shade
tree,bare winter,winter
tree,fun climb,climbing
tree,kind tree nature,nature
tree,tree provide home animal nature,habitat
tree,dead tree feed nature,decomposition
tree,tree turn color add vibrancy nature,seasonal change
tree,tree plant help preserve nature,conservation
tree,tree speak tree nature nearby,talk
tree,oxygen,oxygen
tree,beautiful,beauty
tree,shade,shade
tree,offer shelter blaze sun,shelter
tree,,ubiquitous
tree,grow tall,tall
tree,bark,bark
tree,leave,leaves
tree,green orange yellow,seasonal change
tree,bare tree,bare
tree,bloom,bloom
tree,large,size
tree,oxygen,oxygen
tree,shade,shade
tree,wood,wood
tree,habitat multiple animal bird wild,habitat
tree,bridge cross river forest,bridge
tree,build house,build
tree,flower leave,leaves
tree,forest,forest
tree,trunk root obtain nutrient,roots
tree,need rain grow,water absorption
tree,provide shade,shade
tree,different specie,diversity
tree,produce leave,leaves
tree,play air quality,air quality
tree,produce food consumption,food source
tree,live year,age
tree,reproduce,reproduction
tree,bark,bark
tree,different colored leave,seasonal change
tree,season change lose leave,seasonal change
tree,squirrel home,habitat
tree,tall turn white,tall
tree,acorn type like walnut,fruit
tree,different leaf shape like pine maple etc,leaves
tree,photosynthesis,photosynthesis
tree,root system,roots
tree,trunk branch,trunk
tree,diversity specie,diversity
tree,ecological role,ecological role
tree,air purification,air purification
tree,natural,nature
tree,medicinal,medicine
tree,shelter,shelter
tree,shade giver,shade
tree,deep root,roots
tree,thick bark,bark
tree,photosynthesis,photosynthesis
tree,bark,bark
tree,branch,branches
tree,leave,leaves
tree,root,roots
tree,growth ring,growth
tree,tall,tall
tree,provide shelter animal,habitat
tree,green,green
tree,majestic,majestic
tree,necessary clean air breathe,air purification
tree,thousand variety,diversity
tree,leave,leaves
tree,grow upward,growth
tree,environment beautiful,beauty
tree,root,roots
tree,herb medicine,medicine
tree,clean carbon dioxide oxygen,oxygen
tree,leave,leaves
tree,root,roots
tree,photosynthesis,photosynthesis
tree,growth,growth
tree,reproduction,reproduction
tree,regrow cut,regrowth
tree,clean air,air purification
tree,natural shade,shade
tree,shelter animal,habitat
tree,beautiful,beauty
tree,large strong,size
tree,provide food human animal,food source
tree,sap maple leave shade,leaves
tree,fall age root,seasonal change
tree,branch stem yard,branches
tree,forest water sunlight,forest
tree,carbon monoxide disease,pollution
tree,paper wood house timber,resources
tree,wood,wood
tree,create oxygen planet,oxygen
tree,way store carbon atmosphere,carbon storage
tree,majestic,majestic
tree,ancient,age
tree,peaceful calm soul,calm
tree,life,life
tree,peace,peace
tree,green,green
tree,health,health
tree,life,life
tree,dominance,dominance
water,powerful force,power
water,river glacier rainfall,water cycle
water,water body particularly ocean,water bodies
water,regulate earth climate,climate regulation
water,influence weather pattern,weather influence
water,water cycle,water cycle
water,clean,clean
water,clear,clear
water,cold,cold
water,glisten,glistening
water,rush,flow
water,rise,rising
water,water necessary life earth,life essential
water,majority water earth salty,saltwater
water,water flow downhill,flow
water,water freeze ice,freezing
water,water necessary plant grow,life essential
water,water distribute nutrient soil,nutrient distribution
water,life,life essential
water,need,life essential
water,destructive,destructive
water,preserve,conservation
water,big nature,nature essential
water,make possible plant grow,life essential
water,water equal life,life essential
water,earth cover water,water coverage
water,human water,water composition
water,animal live water,aquatic life
water,mammal drink water,hydration
water,water dangerous hurricane flood,destructive
water,necessary life,life essential
water,chemical freeze,freezing
water,well ice cold,cold
water,create beautiful cloud stunning lake ocean,beauty
water,able thing drink like cook,multi-use
water,run fresh water version,scarcity
water,essential life,life essential
water,life source,life essential
water,clean,clean
water,rain,rain
water,natural organic,natural
water,pond lake,water bodies
water,clear blue,clear
water,wet,wet
water,contain part hydrogen,composition
water,contain oxygen,composition
water,label h2o,composition
water,salt,saltwater
water,necessary,life essential
water,water area,scarcity
water,little water,imbalance
water,necesssary sustain life,life essential
water,need protection,conservation
water,treasure,conservation
water,drunken,hydration
water,regulate earth temperature,climate regulation
water,shower bathe,multi-use
water,need survive,life essential
water,wet,wet
water,taste,tasteless
water,hydration,hydration
water,fish,aquatic life
water,boat,recreation
water,bear fish water food,bear
water,hydrate,hydration
water,essential live thing earth,life essential
water,river,river
water,waterfall,waterfall
water,lake,lake
water,ocean,ocean
water,stream,stream
water,pond,pond
water,quenche taste,hydration
water,bathe,multi-use
water,washing,multi-use
water,favorable humanity,life essential
water,serve life support plant animal,life essential
water,colorless,colorless
water,river lake,water bodies
water,rain puddle,water bodies
water,tree plant get water rain,nutrient distribution
water,muddy water,dirty
water,need filter boil consume,filtration
water,abundant area,abundance
water,essential life,life essential
water,universal solvent,solvent
water,high surface tension,properties
water,cohesive adhesive property,properties
water,exist multiple state,states of matter
water,exist multiple state,states of matter
water,waterfall,waterfall
water,ocean,ocean
water,lake,lake
water,river,river
water,resevior,reservoir
water,rain,rain
water,water life,life essential
water,help digestion,digestion
water,water   life,life essential
water,water satisfactory,satisfactory
water,water help growth,life essential
water,water good nature,nature essential
water,fluid,fluid
water,oxygen rich,composition
water,resource life alive,life essential
water,cover 70 earth,water coverage
water,clear,clear
water,drinkable,drinkable
water,water liquid necessary grow thing man live water survival rain hydration,life essential
water,hydration sustainable essential grow,life essential
water,hydrate clean wash bathe erosion,multi-use
water,fast move current dangerous storm,flow
water,hurricane cloud rainfall,weather influence
water,happy play rain,positive emotion
water,,calm
water,calm,calm
water,colorless,colorless
water,symbolize life,life essential
water,symbolize abundance,symbolize abundance
water,cool,cool
water,natural,natural
water,dirty,dirty
water,food nutrient plant animal,nutrient distribution
water,cold crisp fast,flow
water,natural fun summer,recreation
water,necessity live,life essential
weather,cause tornado,extreme
weather,quickly change,changeable
weather,somewhat predictable like hurricane,predictable
weather,extreme,extreme
weather,period character,anomalies
weather,animal sense change,animals sense it
weather,atmospheric condition,atmosphere
weather,daily variation,variation
weather,precipitation,precipitation
weather,temperature,temperature
weather,wind,wind
weather,weather pattern,patterns
weather,tempermental,unpredictable
weather,unpredictable,unpredictable
weather,good different situation,varied
weather,violent calm time,dual nature
weather,help water nature,beneficial
weather,devistate,extreme
weather,changeable,changeable
weather,extreme,extreme
weather,vary different globe,regional variation
weather,seasonal world,seasonal
weather,impact life earth,ecosystem impact
weather,people like complain,complaints
weather,characteristic condition outside,outdoor conditions
weather,status outdoors,outdoor conditions
weather,type phenomenon affect earth,natural phenomenon
weather,different kind condition planet,varied
weather,state outdoors,outdoor conditions
weather,varied condition,varied
weather,storm part weather,storms
weather,weather different season,seasonal
weather,weather hursh,extreme
weather,human control weather,uncontrollable
weather,different region different weather,regional variation
weather,common season winter summer,seasons
weather,different season change weather,seasonal
weather,sunny summer,sunshine
weather,rainy winter,precipitation
weather,breezy spring,breeze
weather,chilly fall,cold
weather,leave fall,seasonal change
weather,wild,extreme
weather,passive,calm
weather,thunderous loud,thunderous
weather,sand,calm
weather,cause fire,extreme
weather,cause rain,precipitation
weather,predictable,predictable
weather,vary place place,regional variation
weather,different climate,different from climate
weather,temperature wind humidity,weather elements
weather,air quality,air quality
weather,proximity lightning,lightning
weather,fluctuation heat cold affect environment,temperature variation
weather,include rain snow sleet form moisture,precipitation
weather,movement air vary speed direction,wind
weather,weather contribute broad climate pattern time,climate influence
weather,vary depend season different weather pattern,seasonal variation
weather,include extreme event like hurricane tornado storm,extreme
weather,unpredictable,unpredictable
weather,sunny,sunshine
weather,rain,precipitation
weather,cloud,clouds
weather,snow,snow
weather,rainbow,rainbow
weather,unpredictable,unpredictable
weather,change frequently,changeable
weather,impact ecosystem wildlife habitat,ecosystem impact
weather,extreme,extreme
weather,influence temperature humidity,weather elements
weather,affect outdoor activity,outdoor impact
weather,movement air earth,wind
weather,different climate,different from climate
weather,day day condition place place,regional variation
weather,effect thing,influenced by factors
weather,carry water wet dry area,water distribution
weather,responsable erosion,erosion
weather,different season,seasonal
weather,change time,changeable
weather,cold,cold
weather,sunny,sunshine
weather,rainy,precipitation
weather,pleasant,pleasant
weather,constantly change,changeable
weather,influence atmospheric condition,atmosphere
weather,local global factor,factors
weather,unpredictable,unpredictable
weather,regional variation,regional variation
weather,seasonal cycle,seasonal
weather,sun breeze,breeze
weather,warm sunshine,sunshine
weather,snow cap mountain,snow
weather,rainy day,precipitation
weather,spring shower,spring showers
weather,fall color tree,seasonal change
weather,erratic,erratic
weather,sunny live,sunshine
weather,predictable,predictable
weather,variable,variable
weather,mild,mild
weather,forgiving,forgiving
weather,help fell nature,connection
weather,make feel good,positive feeling
weather,bright day,sunshine
weather,feel great,positive feeling
weather,happy sun,sunshine
weather,allow nature see,visibility
weather,change instant,changeable
weather,study,studyable
weather,constant,changeable
weather,vary depend location,regional variation
weather,unpredictable,unpredictable
weather,unique location,regional variation
weather,seasonal change,seasonal
weather,impact daily life,outdoor impact
weather,forecast,predictable
weather,humidity,humidity
weather,wind,wind
weather,temperature,temperature
weather,rough,extreme
weather,gentle,calm
weather,beautiful,beauty
weather,lethal,extreme
weather,strong,strong
weather,necessary,necessary
wildlife,hungry,hunger
wildlife,,varied
wildlife,noisy,loud
wildlife,beautiful,beauty
wildlife,colorful,colorful
wildlife,itchy,itch
wildlife,ability,movement
wildlife,reproduce,reproduction
wildlife,large prey small,predation
wildlife,live harmony nature,natural balance
wildlife,show healthy ecosystem,ecological role
wildlife,skeleton,vertebrate
wildlife,endanger,endangered
wildlife,need protect,protection
wildlife,need remove protect,species management
wildlife,mean human involvement,wild
wildlife,freedom,freedom
wildlife,natural,natural
wildlife,animal,animals
wildlife,loud,loud
wildlife,creepy,negative emotion
wildlife,source food,food source
wildlife,loud,dangerous
wildlife,dangerous,biodiversity
wildlife,live creature plant,beauty
wildlife,raw beauty,beauty
wildlife,ecosystem,protection
wildlife,protect,respect
wildlife,respect,conservation
wildlife,allow live natural environment,forest
wildlife,forrest,jungle
wildlife,jungle,jungle
wildlife,dessert,zoo
wildlife,zoo,fascinating
wildlife,interesting,person
wildlife,popson take change life wild,cute
wildlife,cute,dangerous
wildlife,dangerous,caution
wildlife,distance,photography
wildlife,pic,caution
wildlife,approach,beauty
wildlife,beautiful,animals
wildlife,animal,loud
wildlife,tiger roar hear 2 mile away,endangered
wildlife,30 identify specie extinction,endangered
wildlife,wolf week eat,habitat loss
wildlife,habitat loss huge threat wildlife,polar bears
wildlife,polar bear black skin,native
wildlife,native,self-regulation
wildlife,self regulate population,vulnerable
wildlife,harm pollution,solitary
wildlife,avoid humanity,avoids humanity
wildlife,balanced system,vulnerable
wildlife,vulnerable disaster,vulnerable
wildlife,diverse specie animal,beauty
wildlife,natural beautiful,seasonal changes
wildlife,seasonal pattern change,seasonal changes
wildlife,adaptation characteristic,interaction
wildlife,natural interaction wildlife,ecological balance
wildlife,provide ecology balance,beauty
wildlife,beautiful,respect
wildlife,respect,respect
wildlife,large variety,conservation
wildlife,leave space world,important
wildlife,important,important
wildlife,vital health world,wild
wildlife,consist non domesticated animal,habitat
wildlife,different type habitat,habitat
wildlife,live region world,self-sufficiency
wildlife,find food shelter help human,conservation
wildlife,conservation help protect,endangered
wildlife,human specie wildlife endangered extinct,mammals
wildlife,mammal,mountains
wildlife,mountain,animals
wildlife,animal,animals
wildlife,water tree,plants
wildlife,plant,trees
wildlife,tree,evolution
wildlife,adaption evolution,habitat
wildlife,habitat niche,migration
wildlife,migration movement,communication
wildlife,communication signal,survival
wildlife,survival resilience,ecological role
wildlife,ecological role important,large
wildlife,big,dangerous
wildlife,scary,beauty
wildlife,beautiful,necessary
wildlife,necessary,life cycle
wildlife,circle life,predators
wildlife,predator,dangerous
wildlife,dangerous,uninhabitable
wildlife,uninhabitable,wildlife
wildlife,wild animal,harsh weather
wildlife,harsh weather,remote
wildlife,remote,isolated
wildlife,isolate,habitat
wildlife,natural habitat,endangered
wildlife,endangered species,migration
wildlife,migration,reproduction
wildlife,breed,conservation
wildlife,conservation,ecosystem
wildlife,ecosystem,ecosystem
wildlife,adaptation,food web
wildlife,food web participation,reproduction
wildlife,reproduction,natural processes
wildlife,natural process,conservation
wildlife,conservation status,ecological impact
wildlife,ecological impact,ecological impact
wildlife,natural environment,habitat
wildlife,animal wildlife domesticate,wild
wildlife,ecosystem,ecosystem
wildlife,serve means survival animal,survival
wildlife,serve movement specie,migration
wildlife,serve home reproduction,habitat
wildlife,human,non-human
wildlife,non domesticate being,wild
wildlife,lion tiger bear,predators
wildlife,hunt food,hunting
wildlife,hunt sport,sport hunting
wildlife,non captive,wild
wildlife,consumer,consumers
wildlife,sunset,nature
wildlife,animal,animals
wildlife,prey,preys
wildlife,predator,predators
wildlife,nature,nature
wildlife,herbivore,herbivores
wildlife,omnivore,omnivores
wildlife,deer fox bobcat natural area,native species
wildlife,frightened,shy
wildlife,necessary human daily life,important
wildlife,wild tame,wild
wildlife,food chain,food chain
wildlife,ecosystem,ecosystem
wildlife,natural habitat,habitat
wildlife,conservation,conservation
wildlife,biodiversity,biodiversity
wildlife,adaptation,adaptability
